{"example1": [[1.135531449358588, -0.020163773070888406, -434.5627673173781], [0.12014840148445909, 1.10578813819539, -67.65781303369339], [0.00014466901491158723, 9.234658055653363e-06, 1.0]], "example2": [[0.9999113005913296, 0.0001441493710258743, -113.05002618810583], [-0.00010346406419543252, 1.0001527285682335, -136.0297229361412], [-1.9485425252267454e-07, 2.0388807747689196e-07, 1.0]], "example3": [[0.525797541685543, 0.13316262660942005, 608.2168650281789], [-0.013297711376297573, 0.8937927312728007, -13.865265429590265], [-0.0003565993093806146, 5.2423065966288885e-05, 1.0]], "example4": [[0.44769623401185205, 0.07701515292146928, 511.4812225113512], [-0.3026004468267156, 0.7844418223215364, 148.91402985786573], [-0.0004044933349294254, -4.260714748154166e-05, 0.9999999999999999]], "example5": [[0.6419221451668357, -0.36738188382328446, 633.0156203121326], [0.3288317161607917, 0.9302726230412347, -179.5840383886147], [-0.00017938846097872947, 0.00010808931580533208, 0.9999999999999999]], "example6": [[1.5089880576946464, -0.04361677575778239, -704.2936133517918], [0.18283202078092328, 1.242146857063032, -148.04806335407957], [0.0004611022434066961, -0.00011414206993079174, 1.0]]}