{"keypoints1": [[3.067134380340576, 807.9583129882812], [5.574838161468506, 395.8936767578125], [5.858682632446289, 498.1932373046875], [6.004721641540527, 383.4422302246094], [7.068961143493652, 388.9820861816406], [7.10522985458374, 566.8438110351562], [7.20836877822876, 653.9735717773438], [7.255852699279785, 680.3524780273438], [7.255852699279785, 680.3524780273438], [7.332633972167969, 464.800048828125]], "descriptors1": [[11.0, 23.0, 7.0, 0.0, 0.0, 2.0, 1.0, 15.0, 17.0, 20.0, 21.0, 2.0, 0.0, 12.0, 47.0, 59.0, 0.0, 8.0, 44.0, 4.0, 0.0, 33.0, 124.0, 11.0, 1.0, 7.0, 23.0, 6.0, 4.0, 31.0, 39.0, 2.0, 52.0, 4.0, 0.0, 0.0, 1.0, 5.0, 2.0, 32.0, 137.0, 27.0, 5.0, 6.0, 3.0, 22.0, 88.0, 137.0, 19.0, 8.0, 18.0, 63.0, 34.0, 122.0, 137.0, 41.0, 0.0, 1.0, 13.0, 38.0, 93.0, 120.0, 67.0, 1.0, 43.0, 15.0, 2.0, 2.0, 3.0, 2.0, 1.0, 2.0, 137.0, 137.0, 68.0, 32.0, 2.0, 2.0, 3.0, 14.0, 15.0, 39.0, 137.0, 137.0, 22.0, 12.0, 5.0, 4.0, 0.0, 0.0, 89.0, 116.0, 42.0, 6.0, 0.0, 0.0, 2.0, 1.0, 0.0, 0.0, 0.0, 0.0, 0.0, 0.0, 6.0, 15.0, 10.0, 4.0, 0.0, 0.0, 0.0, 0.0, 0.0, 3.0, 22.0, 30.0, 0.0, 0.0, 0.0, 0.0, 0.0, 0.0, 14.0, 12.0, 0.0, 0.0, 0.0, 0.0], [0.0, 5.0, 20.0, 8.0, 17.0, 6.0, 9.0, 2.0, 34.0, 6.0, 4.0, 25.0, 167.0, 18.0, 1.0, 0.0, 167.0, 21.0, 1.0, 3.0, 28.0, 1.0, 0.0, 2.0, 52.0, 4.0, 0.0, 0.0, 0.0, 0.0, 0.0, 6.0, 0.0, 5.0, 27.0, 12.0, 18.0, 2.0, 2.0, 3.0, 42.0, 3.0, 5.0, 44.0, 167.0, 10.0, 0.0, 2.0, 167.0, 7.0, 0.0, 4.0, 35.0, 2.0, 0.0, 9.0, 76.0, 2.0, 1.0, 0.0, 0.0, 0.0, 0.0, 8.0, 0.0, 1.0, 6.0, 2.0, 14.0, 9.0, 12.0, 10.0, 39.0, 2.0, 1.0, 8.0, 167.0, 50.0, 4.0, 4.0, 167.0, 20.0, 0.0, 1.0, 38.0, 5.0, 0.0, 7.0, 67.0, 15.0, 2.0, 0.0, 0.0, 0.0, 0.0, 1.0, 3.0, 1.0, 0.0, 0.0, 11.0, 4.0, 3.0, 4.0, 24.0, 1.0, 0.0, 0.0, 167.0, 24.0, 1.0, 1.0, 167.0, 17.0, 0.0, 0.0, 45.0, 3.0, 0.0, 1.0, 63.0, 9.0, 0.0, 0.0, 0.0, 0.0, 0.0, 2.0], [61.0, 11.0, 0.0, 0.0, 0.0, 3.0, 16.0, 122.0, 40.0, 65.0, 2.0, 0.0, 0.0, 1.0, 1.0, 7.0, 10.0, 21.0, 0.0, 0.0, 0.0, 0.0, 0.0, 0.0, 0.0, 0.0, 0.0, 0.0, 0.0, 0.0, 0.0, 0.0, 29.0, 11.0, 1.0, 0.0, 9.0, 57.0, 42.0, 82.0, 33.0, 122.0, 24.0, 4.0, 25.0, 58.0, 10.0, 14.0, 122.0, 122.0, 7.0, 0.0, 0.0, 1.0, 2.0, 31.0, 51.0, 16.0, 7.0, 0.0, 0.0, 0.0, 0.0, 1.0, 49.0, 76.0, 7.0, 4.0, 15.0, 23.0, 6.0, 17.0, 23.0, 9.0, 3.0, 3.0, 29.0, 58.0, 99.0, 122.0, 122.0, 73.0, 6.0, 1.0, 4.0, 20.0, 53.0, 122.0, 78.0, 122.0, 31.0, 1.0, 1.0, 1.0, 0.0, 5.0, 37.0, 27.0, 2.0, 0.0, 0.0, 21.0, 63.0, 90.0, 76.0, 30.0, 2.0, 0.0, 0.0, 10.0, 37.0, 122.0, 9.0, 34.0, 11.0, 7.0, 42.0, 98.0, 27.0, 21.0, 8.0, 106.0, 77.0, 14.0, 36.0, 18.0, 0.0, 0.0], [8.0, 1.0, 0.0, 1.0, 146.0, 26.0, 1.0, 4.0, 145.0, 19.0, 1.0, 0.0, 42.0, 11.0, 15.0, 90.0, 22.0, 8.0, 12.0, 2.0, 0.0, 25.0, 99.0, 35.0, 0.0, 0.0, 4.0, 3.0, 0.0, 17.0, 42.0, 1.0, 15.0, 0.0, 0.0, 0.0, 146.0, 23.0, 0.0, 4.0, 146.0, 3.0, 0.0, 0.0, 50.0, 9.0, 7.0, 80.0, 74.0, 1.0, 0.0, 0.0, 0.0, 38.0, 83.0, 46.0, 0.0, 0.0, 0.0, 0.0, 0.0, 30.0, 84.0, 8.0, 12.0, 1.0, 1.0, 3.0, 146.0, 23.0, 0.0, 1.0, 146.0, 37.0, 0.0, 0.0, 58.0, 10.0, 0.0, 11.0, 120.0, 22.0, 4.0, 6.0, 1.0, 3.0, 12.0, 8.0, 0.0, 3.0, 11.0, 4.0, 0.0, 2.0, 16.0, 3.0, 3.0, 1.0, 0.0, 3.0, 121.0, 5.0, 0.0, 0.0, 146.0, 41.0, 0.0, 1.0, 62.0, 3.0, 0.0, 0.0, 109.0, 30.0, 8.0, 8.0, 0.0, 0.0, 0.0, 0.0, 0.0, 8.0, 11.0, 4.0, 0.0, 0.0, 0.0, 0.0], [0.0, 32.0, 59.0, 13.0, 9.0, 0.0, 1.0, 0.0, 3.0, 4.0, 12.0, 97.0, 146.0, 0.0, 0.0, 0.0, 146.0, 3.0, 0.0, 24.0, 83.0, 0.0, 0.0, 7.0, 61.0, 1.0, 0.0, 0.0, 0.0, 0.0, 1.0, 8.0, 0.0, 60.0, 104.0, 22.0, 5.0, 1.0, 2.0, 1.0, 15.0, 10.0, 47.0, 146.0, 146.0, 2.0, 0.0, 0.0, 146.0, 10.0, 3.0, 40.0, 39.0, 0.0, 0.0, 13.0, 71.0, 2.0, 0.0, 0.0, 0.0, 0.0, 0.0, 9.0, 0.0, 5.0, 22.0, 11.0, 17.0, 5.0, 5.0, 1.0, 34.0, 3.0, 7.0, 62.0, 146.0, 6.0, 0.0, 1.0, 146.0, 4.0, 1.0, 10.0, 30.0, 0.0, 0.0, 12.0, 66.0, 0.0, 0.0, 0.0, 1.0, 0.0, 0.0, 8.0, 0.0, 2.0, 17.0, 12.0, 14.0, 0.0, 0.0, 0.0, 38.0, 1.0, 3.0, 50.0, 146.0, 1.0, 0.0, 3.0, 146.0, 1.0, 0.0, 5.0, 17.0, 0.0, 0.0, 26.0, 43.0, 0.0, 0.0, 0.0, 1.0, 1.0, 1.0, 11.0], [6.0, 0.0, 0.0, 0.0, 3.0, 3.0, 1.0, 1.0, 55.0, 6.0, 0.0, 0.0, 1.0, 3.0, 1.0, 3.0, 40.0, 4.0, 0.0, 0.0, 1.0, 8.0, 9.0, 10.0, 54.0, 14.0, 1.0, 5.0, 8.0, 1.0, 0.0, 4.0, 39.0, 2.0, 3.0, 16.0, 41.0, 34.0, 10.0, 8.0, 181.0, 12.0, 0.0, 0.0, 1.0, 8.0, 17.0, 42.0, 104.0, 2.0, 0.0, 0.0, 1.0, 13.0, 108.0, 102.0, 61.0, 11.0, 2.0, 12.0, 10.0, 20.0, 35.0, 72.0, 42.0, 27.0, 19.0, 27.0, 15.0, 5.0, 2.0, 1.0, 181.0, 29.0, 0.0, 0.0, 0.0, 1.0, 3.0, 12.0, 181.0, 10.0, 0.0, 0.0, 0.0, 0.0, 21.0, 55.0, 70.0, 3.0, 0.0, 0.0, 4.0, 34.0, 36.0, 60.0, 51.0, 33.0, 4.0, 6.0, 21.0, 6.0, 4.0, 3.0, 181.0, 67.0, 1.0, 0.0, 0.0, 0.0, 0.0, 2.0, 181.0, 60.0, 7.0, 0.0, 0.0, 0.0, 0.0, 2.0, 58.0, 56.0, 22.0, 8.0, 4.0, 2.0, 0.0, 2.0], [0.0, 0.0, 0.0, 0.0, 1.0, 21.0, 114.0, 13.0, 45.0, 0.0, 0.0, 0.0, 12.0, 53.0, 50.0, 31.0, 138.0, 1.0, 0.0, 0.0, 0.0, 1.0, 2.0, 97.0, 138.0, 11.0, 0.0, 0.0, 0.0, 1.0, 0.0, 33.0, 0.0, 0.0, 0.0, 0.0, 15.0, 29.0, 24.0, 1.0, 56.0, 3.0, 0.0, 0.0, 64.0, 67.0, 9.0, 8.0, 138.0, 13.0, 0.0, 0.0, 3.0, 5.0, 3.0, 26.0, 138.0, 24.0, 1.0, 1.0, 1.0, 0.0, 0.0, 10.0, 0.0, 0.0, 0.0, 0.0, 6.0, 20.0, 39.0, 4.0, 12.0, 1.0, 0.0, 1.0, 17.0, 51.0, 108.0, 25.0, 138.0, 35.0, 1.0, 1.0, 3.0, 9.0, 30.0, 57.0, 138.0, 43.0, 1.0, 0.0, 2.0, 0.0, 1.0, 17.0, 0.0, 0.0, 0.0, 0.0, 0.0, 2.0, 66.0, 11.0, 0.0, 0.0, 2.0, 3.0, 10.0, 30.0, 138.0, 16.0, 23.0, 27.0, 18.0, 8.0, 6.0, 12.0, 138.0, 89.0, 46.0, 36.0, 37.0, 6.0, 0.0, 0.0, 58.0, 116.0], [0.0, 0.0, 2.0, 30.0, 59.0, 0.0, 0.0, 0.0, 99.0, 49.0, 9.0, 13.0, 6.0, 0.0, 0.0, 0.0, 124.0, 43.0, 0.0, 5.0, 105.0, 12.0, 0.0, 0.0, 0.0, 1.0, 12.0, 14.0, 124.0, 13.0, 0.0, 0.0, 0.0, 0.0, 0.0, 17.0, 79.0, 5.0, 10.0, 2.0, 105.0, 18.0, 1.0, 5.0, 11.0, 3.0, 33.0, 36.0, 124.0, 31.0, 0.0, 1.0, 72.0, 36.0, 9.0, 46.0, 2.0, 1.0, 1.0, 2.0, 110.0, 92.0, 91.0, 13.0, 0.0, 0.0, 0.0, 4.0, 15.0, 8.0, 124.0, 58.0, 15.0, 0.0, 0.0, 0.0, 1.0, 2.0, 124.0, 124.0, 69.0, 1.0, 0.0, 0.0, 2.0, 21.0, 66.0, 124.0, 4.0, 1.0, 0.0, 0.0, 3.0, 50.0, 124.0, 23.0, 0.0, 0.0, 0.0, 0.0, 0.0, 0.0, 80.0, 42.0, 0.0, 0.0, 0.0, 0.0, 0.0, 0.0, 118.0, 39.0, 3.0, 0.0, 0.0, 0.0, 0.0, 0.0, 73.0, 36.0, 1.0, 0.0, 0.0, 0.0, 0.0, 0.0, 38.0, 27.0], [0.0, 11.0, 37.0, 2.0, 10.0, 81.0, 92.0, 0.0, 6.0, 6.0, 16.0, 1.0, 1.0, 76.0, 135.0, 20.0, 116.0, 3.0, 1.0, 0.0, 0.0, 6.0, 57.0, 135.0, 80.0, 1.0, 0.0, 0.0, 0.0, 0.0, 0.0, 30.0, 0.0, 50.0, 135.0, 10.0, 3.0, 8.0, 12.0, 0.0, 12.0, 130.0, 135.0, 1.0, 0.0, 17.0, 44.0, 6.0, 82.0, 135.0, 34.0, 0.0, 0.0, 2.0, 25.0, 50.0, 80.0, 13.0, 3.0, 0.0, 0.0, 0.0, 0.0, 11.0, 0.0, 3.0, 21.0, 6.0, 8.0, 45.0, 11.0, 0.0, 85.0, 44.0, 41.0, 0.0, 0.0, 10.0, 11.0, 20.0, 135.0, 55.0, 6.0, 0.0, 0.0, 0.0, 0.0, 43.0, 93.0, 3.0, 0.0, 0.0, 0.0, 0.0, 0.0, 27.0, 0.0, 0.0, 0.0, 0.0, 1.0, 64.0, 32.0, 0.0, 67.0, 0.0, 0.0, 0.0, 1.0, 34.0, 31.0, 25.0, 135.0, 0.0, 0.0, 0.0, 0.0, 0.0, 1.0, 38.0, 70.0, 1.0, 0.0, 0.0, 0.0, 0.0, 0.0, 9.0], [25.0, 47.0, 49.0, 11.0, 2.0, 0.0, 0.0, 1.0, 168.0, 102.0, 14.0, 3.0, 0.0, 0.0, 0.0, 0.0, 115.0, 16.0, 0.0, 0.0, 0.0, 0.0, 0.0, 3.0, 34.0, 13.0, 0.0, 0.0, 0.0, 0.0, 0.0, 1.0, 27.0, 18.0, 24.0, 7.0, 10.0, 13.0, 9.0, 5.0, 168.0, 48.0, 6.0, 2.0, 1.0, 3.0, 1.0, 13.0, 168.0, 9.0, 0.0, 0.0, 0.0, 0.0, 0.0, 11.0, 41.0, 6.0, 0.0, 0.0, 0.0, 0.0, 0.0, 7.0, 25.0, 9.0, 3.0, 2.0, 8.0, 10.0, 6.0, 9.0, 168.0, 37.0, 0.0, 0.0, 0.0, 3.0, 2.0, 20.0, 168.0, 36.0, 0.0, 0.0, 0.0, 0.0, 0.0, 3.0, 55.0, 5.0, 0.0, 0.0, 0.0, 0.0, 0.0, 4.0, 9.0, 6.0, 2.0, 2.0, 4.0, 5.0, 76.0, 49.0, 168.0, 17.0, 0.0, 0.0, 0.0, 0.0, 40.0, 114.0, 150.0, 7.0, 0.0, 0.0, 0.0, 0.0, 0.0, 30.0, 38.0, 1.0, 0.0, 0.0, 0.0, 0.0, 0.0, 8.0]], "keypoints2": [[2.384415626525879, 379.34429931640625], [2.5959668159484863, 354.3368835449219], [2.858640193939209, 336.6588439941406], [2.9436469078063965, 41.50458526611328], [3.4228250980377197, 749.3973388671875], [3.6387686729431152, 741.5282592773438], [3.7076334953308105, 474.71893310546875], [3.979731798171997, 689.8308715820312], [4.164021015167236, 463.4804992675781], [4.164021015167236, 463.4804992675781]],